{"cameraMode":{"drawMode":0,"name":"Shaded","section":"Shading Mode"},"sceneLighting":true,"audioPlay":false,"sceneViewState":{"showFog":true,"showMaterialUpdate":false,"showSkybox":true,"showFlares":true,"showImageEffects":true,"showParticleSystems":true},"in2DMode":false,"pivot":{"x":4.2882080078125,"y":384.741455078125,"z":229.47323608398438},"rotation":{"x":0.05909444019198418,"y":-0.7216264009475708,"z":0.06207285821437836,"w":0.6869572997093201},"size":1194.53466796875,"orthographic":false}