{"cameraMode":{"drawMode":0,"name":"Shaded","section":"Shading Mode"},"sceneLighting":false,"audioPlay":false,"sceneViewState":{"showFog":true,"showMaterialUpdate":false,"showSkybox":true,"showFlares":true,"showImageEffects":true,"showParticleSystems":true},"in2DMode":false,"pivot":{"x":89.99999237060547,"y":5.199146270751953,"z":-36.646156311035159},"rotation":{"x":-0.1688767969608307,"y":0.3266143798828125,"z":-0.05943259969353676,"w":-0.9280471801757813},"size":12.073244094848633,"orthographic":false}